question_id,split_group,domain,question,human_reference,ai_original,ai_rewrite_casual,ai_rewrite_adversarial
q01,train,computer_network,为什么 HTTPS 比 HTTP 更安全？,HTTP 传输基本是明文，抓包后可能直接看到内容。HTTPS 多了 TLS 加密和证书校验，能保护传输内容，也能帮助确认网站身份。所以登录、支付这类场景一般都应该用 HTTPS。,HTTPS比HTTP更安全，因为它通过SSL/TLS协议对数据进行加密传输。首先，HTTP是明文传输，数据容易被截获和篡改。其次，HTTPS使用证书验证服务器身份，防止中间人攻击。因此，HTTPS能保护用户隐私和数据完整性，建议在涉及敏感信息的场景中使用。,HTTPS比HTTP安全是因为它用了加密技术。HTTP传数据是明文的，就像没穿衣服一样，谁都能看到。而HTTPS会先加密再传，别人看不懂。而且它还有个证书，能证明网站是真的，不容易被骗。所以网上支付或登录时用HTTPS更放心。,为啥HTTPS比HTTP安全？因为HTTP传东西不加密，数据就像明信片，谁都能读。HTTPS加了层加密，变成密封信。还有证书验证，防止假网站。我之前用公共WiFi上HTTP网站，差点被盗号，后来改成HTTPS就没事了。总之，加密和证书是关键。
q02,train,campus_life,大一新生应该怎样适应大学学习节奏？,刚上大学不要一下子把计划排得太满。先弄清楚课表、作业、考试方式和老师要求，再固定几个自习时间。社团和比赛可以慢慢试，但别让自己一开始就乱了节奏。,大一新生适应大学学习节奏，首先需要转变学习观念，从被动接受转为主动探索。其次，合理规划时间，制定学习计划并坚持执行。此外，积极参与课堂互动，及时请教老师或同学。建议多利用图书馆和网络资源，拓展知识面。最后，保持良好作息，平衡学习与休息，逐步找到适合自己的节奏。,刚进大学，学习节奏和高中完全不一样，得自己主动点。别总等着老师催，提前看看课本，上课多跟着老师思路走。时间上要自己安排好，该学习时别老刷手机。遇到不懂的，直接问同学或者找老师聊聊，别憋着。慢慢来，找到适合自己的步调就好。,大学上课跟高中差好多，没人天天盯着你写作业了。我刚开始也懵，后来发现得自己管自己。比如提前翻翻书，上课跟着老师节奏，不懂就举手问。时间嘛，自己排个表，别光顾着玩。图书馆是个好地方，没事多去坐坐。慢慢就习惯了，别急。
q03,train,health_consulting,经常熬夜后白天犯困，应该怎么调整？,如果只是最近熬夜导致的，可以先每天早睡半小时，慢慢把作息拉回来。白天困的话午睡十几分钟就够，咖啡别太晚喝。要是长期犯困或者影响生活，还是应该去医院看一下。,首先，熬夜后白天犯困的主要原因是生物钟紊乱和睡眠不足。建议您逐步调整作息，每天提前15分钟入睡，同时增加午间小憩20-30分钟。其次，白天多进行户外活动，接受自然光照有助于重置生物钟。此外，避免咖啡因过量摄入，尤其是在下午以后。饮食上注重蛋白质和维生素B族补充，如鸡蛋、坚果和绿叶蔬菜。坚持一周左右，状态会明显改善。,熬夜之后白天犯困很正常，主要是生物钟乱了加上没睡够。可以试着每天早睡一点点，比如比平时早15分钟上床，中午再眯个20来分钟。白天多出去走走晒晒太阳，能帮身体调整节律。咖啡少喝点，特别是下午以后。多吃点鸡蛋、坚果和青菜这类东西，补充维生素B。坚持个一周左右，状态应该就能好不少。,熬夜后白天犯困，生物钟乱了呗，睡眠也不够。慢慢调，每天早睡15分钟，中午困了就睡20分钟。白天多出去溜达，晒晒太阳，身体就知道该醒着。咖啡下午就别喝了，晚上容易睡不着。多吃鸡蛋、坚果和青菜，维生素B管用。坚持一周，应该能好点。别急，慢慢来。
q04,train,programming,学习 Java 后端时为什么要理解面向对象？,Java 后端项目里很多东西都是对象、接口和类之间配合。不了解面向对象，代码可能能抄着跑，但遇到改需求就不知道该改哪里。理解它主要是为了把业务拆清楚，让代码更容易维护。,理解面向对象是学习Java后端的基础。首先，面向对象思想能帮助你将复杂的业务逻辑拆解为独立对象，提高代码可维护性。其次，通过封装、继承和多态，你可以复用现有代码，减少重复工作。因此，掌握面向对象后，能更高效地使用Spring等框架，并设计出高内聚低耦合的系统。建议你从实际项目出发，逐步领悟其精髓。,学Java后端的话，面向对象真的很关键。因为它能让你把一大坨业务逻辑拆成一个个小对象，这样改起来方便，也不容易乱。而且封装继承多态这些特性，能让你少写很多重复代码。后面用Spring那些框架，也是基于这套思路。所以我觉得先搞懂面向对象，后端学习会顺利很多。,Java后端不搞懂面向对象真不行。你想想，那么多业务逻辑，全堆在一起代码就炸了。把它拆成对象，每个管自己的事，改起来也省心。还有继承多态，能复用代码，不用老写重复的。Spring那些框架也是这个路子，所以先把这个吃透，后面学框架就顺了。
q05,train,science,为什么夏天雷阵雨来得快去得也快？,夏天地面被晒得很热，湿热空气容易快速上升，形成比较强的对流云。云发展起来后可能突然下大雨、打雷。但这种天气系统范围不大，能量释放完或移动走了，雨也就很快停了。,首先，夏天雷阵雨来得快去得也快，主要是因为夏季地面受热强烈，近地面空气迅速升温并上升，形成积雨云，当云中水汽充足时，就会产生强对流天气。其次，雷阵雨通常发生在局地小尺度天气系统中，其能量释放迅速，雨滴在云中形成后很快降落，但云体本身规模不大，降水后云层消散，雨势随之减弱。因此，整个过程从生成到结束通常只有几十分钟到一小时左右。,夏天雷阵雨来得快去得也快，主要是因为地面太热了，热空气一直往上升，然后水汽凝结成云，很快就变成积雨云了。这种云虽然能带来大雨和雷电，但本身范围不大，能量释放特别快，所以雨下得又急又猛，但很快云就散了，雨也就停了。整个过程可能就半个小时到一个小时，所以感觉来得快去得也快。,夏天那种雷阵雨啊，来得特别突然，一会儿就没了。为啥呢？因为大太阳把地面烤得滚烫，热空气使劲往上窜，水汽一碰就变成大云团，然后哗啦一下全倒下来。这种云呢，其实就那一小块，能量用完了就散了，所以雨下得又急又猛，但撑不了多久，最多一小时就放晴了，真的快得很。
q06,train,ai_security,为什么需要检测 AI 生成文本？,AI 写的内容越来越像真人，如果完全不检测，作业代写、虚假评论和批量营销会更难分辨。不过检测结果也不能当成绝对证据，它更适合作为内容来源判断的辅助线索。,检测AI生成文本对于维护信息真实性至关重要。首先，它能防止虚假新闻和误导性信息的传播。其次，在学术环境中，有助于识别抄袭和学术不端行为。此外，还能保护知识产权，防止AI滥用。因此，建立有效的检测机制是必要的。,现在网上AI写的文章越来越多，有时候真假难辨。检测这些东西挺重要的，比如能避免假新闻到处传，也能帮老师发现学生是不是用AI写作业。还有，保护原创作者的权利也很关键。所以得想办法识别出来。,现在网上那些AI写的玩意儿真真假假，得查出来才行。不然假消息满天飞，学生拿它交作业老师也看不出来。还得防着有人偷别人的东西用AI改改就发出来。不查不行啊，这事儿挺要紧的。
q07,train,study_method,准备英语六级时，听力和阅读应该怎么分配时间？,如果听力弱，就每天固定听一小段，别只靠考前突击。阅读可以按题型练，先保证看懂，再练速度。时间分配不用平均，应该优先补自己的短板。,准备英语六级时，听力和阅读的时间分配应根据个人弱项调整。首先，建议将总复习时间的40%用于听力，因为听力提升需要持续输入。其次，阅读占30%，重点练习快速定位和长难句分析。剩余30%分配给写作和翻译。每周可模拟一次完整考试，按实际时间分配，逐步找到平衡。总之，听力需每日坚持，阅读重在技巧，两者相辅相成。,考六级的话，听力和阅读怎么分时间？我觉得得看你哪块弱。听力要多花点时间，大概四成吧，因为得天天听才有效果。阅读三成，主要练速度和分析句子。剩下的给写作和翻译。每周做套真题，按考试时间走，慢慢就能找到感觉。反正听力不能断，阅读靠方法，两个都重要。,六级复习嘛，听力和阅读时间咋分啊？我一般听力占大头，差不多四成，毕竟得磨耳朵。阅读嘛，三成够了，重点练快速找答案和长难句。剩下时间搞写作翻译。每周模考一次，按真实时间卡着做，慢慢就习惯了。反正听力天天练，阅读靠技巧，别偏科就行。
q08,train,network_engineering,排查宿舍网络很慢时可以从哪些方面入手？,我会先确认是自己电脑慢，还是所有设备都慢。只有一台慢就查网卡、DNS、后台下载；大家都慢就看路由器、信号、带宽占用和运营商线路。先定位范围再动设置会更稳。,排查宿舍网络慢时，首先检查路由器位置和周围干扰，建议将路由器放在高处并远离金属物体。其次确认连接设备数量，过多设备会拖慢网速。然后测试有线连接以排除Wi-Fi问题，并联系运营商确认带宽是否达标。最后检查网线是否为超五类以上，并更新网卡驱动。,宿舍网慢的话，先看看路由器放哪了，是不是被东西挡住了，最好放高点。再瞅瞅连了多少设备，手机电脑太多肯定会卡。你可以插网线试试，要是快很多那就是Wi-Fi的问题。还不行就打电话问运营商，看是不是带宽不够。,哎宿舍网卡得不行，先瞅瞅路由器是不是塞墙角了，挪高点试试。再看下多少人连，室友都打游戏肯定慢。你拿根网线插电脑上，要是嗖嗖的快那就是无线的问题。还不行就骂运营商去，问他们是不是限速了。
q09,train,medical_ai,医疗问答 AI 为什么不能直接替代医生？,AI 可以帮人理解一些常识，但它看不到完整病历、检查结果和现场体征。有些回答听起来专业，也可能漏掉关键情况。所以它适合做辅助科普，不能直接替代医生诊断。,医疗问答AI不能直接替代医生，首先是因为AI缺乏临床经验和直觉判断，无法处理复杂多变的病情。其次，AI无法与患者建立信任关系，缺乏人文关怀。因此，AI只能作为辅助工具，最终诊断和治疗仍需医生决策。,医疗问答AI没法直接替代医生，主要是因为它没有实际临床经验，遇到复杂情况就抓瞎。而且AI跟病人没法像真人医生那样聊天，建立不了信任感。所以它只能帮忙查查资料，最后拍板的还得是医生。,说AI能替医生看病？别逗了。它连病人的脸色都看不懂，更别提那些说不清道不明的症状了。而且你愿意跟一个机器聊你的病史吗？反正我不愿意。所以啊，AI就是个工具，真要看病还得找活人医生。
q10,train,research_training,本科生刚进课题组应该怎样开始做科研训练？,刚开始不用急着说自己要做大成果。先读几篇综述和代表论文，再挑一个小实验复现。遇到问题先自己查，再整理成具体问题问老师或师兄师姐。,本科生刚进课题组，建议先阅读导师推荐的综述性文献，了解研究方向的基本框架。其次，主动与师兄师姐交流，学习实验操作或数据分析技巧。同时，每周定期参加组会，记录关键点并尝试提出疑问。最后，从小任务入手，如整理数据或复现简单结果，逐步积累科研经验。,刚进课题组的话，可以先看看导师推荐的综述文章，弄清楚这个领域在做什么。然后多跟师兄师姐聊聊，学学实验怎么做或者怎么分析数据。组会也别光听，试着记点东西，有问题就问。刚开始可以接点小活，比如整理数据或者重复别人的实验，慢慢就有感觉了。,刚进组别慌，先找导师要几篇综述看看，搞明白大家研究啥。跟师兄师姐混熟点，看他们做实验时多问问，学点操作技巧。组会记得带本子，有啥想法就记下来，不懂的直接问。最开始接点小任务，比如跑跑数据或者重复个实验，干着干着就上手了。
q11,train,software_project,做图书管理系统时，后端接口设计要注意什么？,接口不要只想着能跑。新增图书要检查字段，借书要判断库存和用户状态，返回格式也要统一。不然后面前端联调、改功能和排查问题都会比较麻烦。,设计图书管理系统的后端接口时，首先需要明确接口的职责划分，遵循RESTful风格，使用正确的HTTP方法。其次，要确保数据安全性，对用户输入进行验证和过滤，防止SQL注入等攻击。此外，接口应具有清晰的错误反馈机制，返回统一的状态码和错误信息。建议对频繁查询的接口添加缓存，并考虑分页处理大量数据。最后，接口文档需完整，便于前后端协作。,做图书管理系统的后端接口时，要注意接口职责得清楚，最好用RESTful风格，get、post这些方法别用错。还得小心安全问题，用户输入的东西要检查一下，免得被攻击。接口出错时返回的信息要统一，方便调试。如果数据多，考虑加个缓存或者分页，不然会慢。文档一定要写全，不然前后端容易扯皮。,搞图书管理系统后端接口啊，得把每个接口干啥事分清楚，别混在一起。用RESTful风格，get拿数据，post新建，别搞反了。安全方面，用户输入要过滤，不然容易被人搞。错误提示要统一，别一会儿中文一会儿英文。数据量大就加缓存或者分页，不然卡死。文档写详细点，免得前后端吵架。
q12,train,large_model,为什么大模型回答有时看起来很自信但其实是错的？,大模型更多是在根据上下文生成最可能的文字，不是真的逐条查证事实。它可能把听起来合理的内容拼出来，而且语气很肯定。所以专业问题最好再查原始资料。,大模型回答自信但错误的原因主要有三点。首先，模型基于统计模式生成内容，缺乏真实理解，可能混淆高频信息与事实。其次，训练数据包含错误或偏见，模型会复现这些偏差。最后，模型为保持流畅性会填补知识空白，产生看似合理实则虚构的答案。建议对关键信息进行交叉验证。,大模型有时候回答得特别肯定，其实却是错的，这背后有几个原因。它不像人一样真正理解问题，只是根据学过的数据猜答案，要是数据里有错误它就会跟着错。而且它为了不让回答卡壳，会自己编一些听起来很合理的东西填进去，结果就出错了。所以看到它自信满满的时候，最好还是自己查一下。,你知道吗，大模型回答时那股自信劲儿有时候挺坑的。它其实根本不理解自己在说啥，纯粹是瞎猜，猜多了就撞上错误答案了。还有啊，它训练时吃了不少错误信息，学坏了。最要命的是，它怕冷场就瞎编，编得跟真的一样。以后它再那么肯定，你得多留个心眼，自己去核实下。
q13,train,data_privacy,使用在线 AI 工具时为什么要注意隐私保护？,不要随手把身份证、病历、账号密码、未公开代码这些内容发给在线 AI。平台怎么保存和处理数据，普通用户不一定清楚。能脱敏就先脱敏，只给必要信息。,使用在线AI工具时注意隐私保护非常重要，首先因为这些工具需要处理用户输入的数据，可能包含敏感信息。其次，许多AI服务会将数据用于模型训练或分析，存在泄露风险。因此，建议避免输入个人身份、财务等私密内容，并仔细阅读隐私政策。,现在很多人用在线AI工具，但隐私问题得留个心眼。比如你问问题的时候，可能会不小心把自己的个人信息打进去，这些数据说不定就被存下来了。所以最好别在AI里说太私密的事，像身份证号、银行卡这些，用之前看看它的隐私说明。,上次我用AI写作业，差点把手机号输进去，后来一想不对赶紧删了。你想想，那些在线工具后台可能都在收集数据呢，万一哪天泄露了多麻烦。反正我是觉得，像住址、密码这种打死也不能往上打，用的时候长个心眼总没错。
q14,train,algorithm,为什么分类任务不能只看准确率？,如果数据很不平衡，准确率会骗人。比如一百个样本里九十五个正常，模型全猜正常也有 95% 准确率，但它完全没抓到异常。所以还要看召回率、精确率和 F1。,首先，准确率在类别不平衡时失效。比如99%是负类，模型全判负也能有99%准确率，但完全没用。其次，不同错误代价不同，比如医疗诊断中漏诊比误诊严重，准确率无法体现。因此，需要结合精确率、召回率、F1分数等指标综合评估。,只看准确率容易出问题，比如数据不平衡的时候，正样本很少，模型全猜负类准确率还是很高，但其实啥也没学到。而且不同错误影响不一样，比如癌症检测漏掉病人比误报严重多了，准确率根本看不出来。,光看准确率不靠谱，举个例子，100个样本里99个是好的，1个是坏的，模型全都说好，准确率99%但屁用没有。还有啊，不同错误后果差很多，查癌症漏掉一个病人和错判一个正常人，严重程度完全不一样，准确率哪管这些。
q15,train,aigc_detection,AI 文本被改写后，为什么检测会变难？,检测器常常会抓一些写作痕迹，比如句子太工整、连接词太多、表达很模板。改写会把这些痕迹冲淡，让文本更像普通人写的，所以检测会更不稳定。,首先，AI文本在改写后检测难度增加，主要是因为改写过程引入了更多的人类语言变异性。其次，改写可能改变词汇选择和句式结构，使其更接近自然人类写作，从而降低了AI文本特有的统计特征，如重复模式或固定措辞。因此，检测模型需要更复杂的特征来区分改写后的AI文本和人类文本。,AI写的文章被改过后，检测起来就难多了。原因呢，就是改写让文字变得更像人写的，用了很多不同的词和句子，不像原来那样有固定的套路。这样一来，那些检测工具就不好抓特征了。,改写AI写的东西，检测器就懵了。因为改的时候换词句、调结构，写得更随意，就像普通人说话一样。原来那些明显的标志，比如老用同样的词，都没了。所以，得用更高级的办法才能看出来是不是AI写的。
q16,train,ai_security,什么是大模型安全测评？,我的理解是，大模型安全测评就是系统地测试模型在不同场景下会不会输出危险、错误、越权或不可靠内容。它不只看回答好不好，还要看边界、稳定性和风险控制。,大模型安全测评是指针对大型语言模型在安全性方面的评估过程。首先，它检测模型是否会产生有害内容，如歧视、暴力或虚假信息。其次，评估模型对恶意输入的抵抗力，例如提示注入攻击。最后，通过构建测试用例和自动化工具，系统性地验证模型行为是否符合安全标准，从而确保其在真实应用中的可靠性。,大模型安全测评就是检查大模型安不安全。比如看它会不会乱说话，像歧视别人或者传播假消息，还要看它能不能防住一些坏心眼的问题，比如有人故意问诱导性的问题。总之就是通过一些测试来确保模型不会出乱子，用起来让人放心。,你问大模型安全测评啊？说白了就是看看这些大模型有没有毛病。比如它会不会突然蹦出些脏话或者瞎编故事，再比如有人故意使坏问些带坑的问题，它能不能躲开。反正就是各种刁难它，确认它不会惹事，这样我们才敢让它干活儿。
q17,train,aigc_detection,如何判断一篇文章可能是 AI 生成的？,可以看表达是否过于均匀、结构是否特别模板化、观点是否缺少具体经历和细节。但这些都只能当线索，因为人也可能写得很模板，AI 也可以被改得很自然。,判断一篇文章是否由AI生成，首先可以观察语言是否过于流畅且缺乏个人风格。其次，内容结构常呈现固定模式，比如频繁使用“首先、其次、最后”等连接词。此外，AI生成文本可能包含重复或冗余信息，且缺乏深度见解。建议结合上下文，若文章逻辑严谨但情感平淡，则需警惕。,怎么看出文章是AI写的呢？一个办法是看它是不是太顺了，没有那种个人说话的味道。还有，结构上可能特别规整，动不动就“首先”“然后”“最后”，跟套公式似的。有时候内容还会重复，讲来讲去就那点东西，没什么真知灼见。反正要是读起来很完美但没啥感情，多半有问题。,想知道文章是不是AI写的？你瞅瞅它说话是不是跟教科书似的，一句废话都没有，但就是缺了点人味儿。结构上特别死板，老用那些“第一”“第二”的，跟写作文模板一样。有时候还会车轱辘话来回说，看着挺多，实际上没干货。要是读着特别顺溜但就是没感觉，那八成是AI搞的鬼。
q18,train,large_model,为什么提示词会影响大模型输出质量？,提示词相当于给模型划定任务、语气和输出范围。如果问题太模糊，模型就容易按泛泛的方式回答。把背景、目标和限制说清楚，通常能得到更接近需求的结果。,提示词影响大模型输出质量，首先因为它提供了任务导向和上下文约束，确保模型理解用户意图。其次，提示词的措辞、结构和示例会引导模型聚焦特定信息，减少无关输出。因此，精心设计的提示词能提升回答的准确性和相关性，建议用户明确需求并给出具体指令。,提示词能影响大模型输出质量，主要是因为它给了模型方向和背景，让模型知道你想问什么。如果提示词写得好，比如问题明确、带点例子，模型就更可能给出靠谱的回答。反过来，提示词太模糊的话，模型就容易跑偏或者答非所问。所以平时用的时候，还是尽量把问题说清楚。,为啥提示词能左右大模型输出好坏？说白了，提示词就像给模型指路，告诉它往哪儿想。你要是把问题写清楚，比如“帮我总结这段文字，重点提三点”，模型就乖乖按你的要求来。但要是你随便问一句“这个咋样”，它可能就瞎猜一通。所以啊，想得到好回答，得把话说明白，别让它猜来猜去。
q19,train,programming,Python 适合做 AI 实验的原因是什么？,Python 语法比较直接，数据处理、画图和机器学习库也多。做实验时经常要快速试想法、读数据、改参数，用 Python 会比较省时间。,Python适合做AI实验，首先因为它拥有丰富的库和框架，如TensorFlow、PyTorch，能快速构建模型。其次，语法简洁易读，降低编程门槛，让研究者专注于算法本身。此外，社区支持强大，遇到问题易于找到解决方案。因此，Python是AI实验的优选语言。,Python做AI实验挺合适的，主要是因为它有很多现成的库，比如TensorFlow和PyTorch，直接拿来用就行，不用从头造轮子。而且语法简单，写起来不费劲，能把精力放在模型设计上。社区也很活跃，遇到坑基本都能搜到解决方法。,为啥Python适合搞AI实验？一个原因是库多，像TensorFlow、PyTorch这些，省得自己写底层代码。再就是它好上手，代码读着不费劲，能把心思花在算法上。社区也热闹，出问题了随便搜搜就有答案，挺方便的。
q20,train,research_training,为什么科研实验需要记录失败结果？,失败结果能说明哪些方法不行，也能避免之后重复踩坑。很多时候问题不是最后一个指标，而是中间为什么失败、怎么调整。记录清楚了，后面复盘和汇报都会容易很多。,科研实验记录失败结果至关重要。首先，失败结果能提供宝贵信息，帮助研究者识别错误假设或方法缺陷，避免重复错误。其次，失败数据对后续研究具有参考价值，可揭示实验条件的边界或意外现象。因此，系统记录失败结果有助于积累知识，推动科学进步。建议研究者养成完整记录的习惯。,科研实验里记录失败结果真的很重要。因为失败能告诉我们哪里出了问题，比如假设错了或者方法不对，这样就能避免再犯同样的错误。而且，这些失败的数据对别人也有用，可能能发现一些意想不到的现象。所以，还是应该好好把失败记下来，这对整个研究都有好处。,做实验失败了也得记下来啊，不然咋知道哪步出错了？有时候失败的数据反而能发现新东西，比如条件变了就不行了，或者冒出个奇怪现象。别光盯着成功，失败记录能帮别人少走弯路，自己也省得重复踩坑。所以，记下来呗，反正又不费事。
q21,train,data_privacy,医疗数据为什么比普通数据更敏感？,医疗数据往往包含病史、检查结果和身份信息，一旦泄露会影响个人隐私，甚至带来歧视和诈骗风险。所以医疗 AI 使用数据时更需要脱敏、授权和安全管理。,医疗数据之所以比普通数据更为敏感，首先在于其高度私密性。它直接关联个人健康状况、疾病史、遗传信息等，一旦泄露可能导致歧视或偏见。其次，医疗数据涉及大量法律保护，如患者隐私权。因此，医疗机构必须采取严格的安全措施来保护这些数据。,医疗数据比普通数据敏感多了，因为它关系到每个人的健康隐私，比如你得过什么病、身体怎么样。要是这些信息被泄露了，可能会被人拿来歧视或者利用。而且法律对医疗数据有很严格的规定，所以医院什么的都得特别小心保护它们。,你想啊，医疗数据跟普通数据真不一样，它直接就是你身体的情况，比如生过什么病、有没有遗传问题。这些要是被乱传，搞不好工作都受影响，或者被人说闲话。法律也管得严，所以医院得比保护其他数据更上心，不然就麻烦大了。
q22,train,computer_network,DNS 出问题时会出现什么现象？,常见情况是网络看起来连着，但网页打不开，或者域名访问失败，直接访问 IP 可能还能通。排查时可以换 DNS、清缓存，或者用 nslookup 看域名解析结果。,当DNS出现问题时，首先，用户可能无法通过域名访问网站，而只能通过IP地址访问。其次，网页加载速度可能变慢，因为DNS解析失败导致重试。此外，邮件服务可能中断，因为无法解析邮件服务器地址。因此，建议检查DNS服务器配置或更换公共DNS。,DNS出问题的话，最常见的就是你输个网址却打不开网页，但直接输IP地址可能还能上。有时候网页加载特别慢，因为系统在反复尝试解析域名。邮箱也可能收不了邮件，因为找不到服务器。这种情况可以试试换个DNS设置，比如用谷歌的8.8.8.8。,DNS要是挂了，你上网输网址就进不去，但输IP地址还能用。网页打开慢得要命，因为它在不停试解析。邮箱也崩了，找不到服务器。解决办法？换个DNS呗，比如8.8.8.8那个谷歌的，或者重启路由器试试。
q23,train,software_project,为什么项目 README 很重要？,README 是别人理解项目的入口。代码写得再多，如果没有说明怎么运行、做了什么、结果在哪里，别人就很难复现。对科研 demo 来说，README 也能体现思路是否清楚。,项目README是开发者与用户沟通的首要窗口，它通过概述项目功能、安装步骤、使用方法和贡献指南，显著降低上手门槛。同时，README还能体现项目的专业性和维护状态，吸引贡献者并建立信任。因此，一个清晰完善的README对于项目成功至关重要。,项目README真的很重要，因为它相当于一个项目的说明书。大家第一眼看到的就是它，里面写清楚了这个项目是干啥的、怎么装、怎么用，还有怎么参与进来。这样别人就能很快上手，不用到处问。而且写得好也让人觉得这个项目靠谱，愿意帮忙改进。,项目README就像一张名片，别人点进来先看它。你总得让人家知道这玩意儿干嘛用的吧，不然谁理你？装的时候怎么搞，用的时候有啥坑，写明白了省得天天有人问你。还有就是，写得好显得你专业，别人更愿意给你提建议或者加功能。
q24,train,ai_security,什么是对抗样本或对抗攻击？,对抗攻击就是对输入做一些看似不大的修改，让模型判断出错。放在文本检测里，可能就是改写、换词、调整句式，让原来能识别 AI 文本的检测器失效。,对抗样本是指通过对原始输入施加微小扰动而生成的样本，这些扰动对人类来说几乎不可察觉，但会导致机器学习模型做出错误预测。对抗攻击则是利用对抗样本来欺骗模型的过程。首先，攻击者会针对目标模型设计扰动，例如在图像上添加细微噪声，使模型将熊猫误识别为长臂猿。其次，对抗攻击可分为白盒攻击和黑盒攻击，前者需要了解模型内部结构，后者则仅依赖模型输出。因此，对抗样本的研究对提升模型鲁棒性至关重要。,对抗样本就是给原始数据加一点点微小的改动，人眼基本看不出来，但机器学习模型就会认错。比如在图片上加一点噪声，模型可能就把熊猫看成长臂猿了。对抗攻击就是用这种样本来骗模型的攻击方式。攻击方式分两种，一种是白盒攻击，就是知道模型内部情况；另一种是黑盒攻击，只能看到模型的输出结果。研究这个主要是为了让模型更靠谱，不容易被骗。,对抗样本这种东西，就是在原来的数据上动点手脚，改得特别小，你压根看不出，但机器就傻了。像给熊猫照片加点噪点，模型立马觉得那是长臂猿。对抗攻击呢，就是拿这种样本去坑模型。搞攻击的要么懂模型内部（白盒），要么就只看输出瞎猜（黑盒）。研究这个其实是为了让模型皮实点，别那么好骗。
q25,eval,software_project,做一个后端项目时，为什么要区分业务逻辑和数据访问？,如果业务代码和数据库操作混在一起，项目小的时候还能忍，功能一多就很难改。把业务逻辑和数据访问分开，后面换表结构、改接口或加测试都会更清楚。,区分业务逻辑和数据访问是为了实现关注点分离，提高代码的可维护性、可测试性和可扩展性。业务逻辑处理具体的规则和流程，数据访问负责与数据库交互。这样修改业务逻辑时无需改动数据层，反之亦然。建议采用分层架构，如三层架构或领域驱动设计。,把业务逻辑和数据访问分开，主要是为了让代码更好维护。比如你改业务规则时不用动数据库操作，反过来也一样。而且测试起来也方便，可以单独测试业务代码，不用真的连数据库。我们项目一般用分层结构，各管各的。,分开搞业务逻辑和数据访问，说白了就是不想改个需求还要翻数据库代码。之前我有个项目没分，改个打折规则结果把查询语句也改了，差点崩了。现在分开了，业务层只管算钱，数据层只管存，各干各的，省心多了。
q26,eval,large_model,大模型幻觉会给医疗问答带来什么风险？,医疗场景里，错误答案可能让用户误判病情或延误就医。大模型如果编出不存在的药物建议、检查结论或诊断方向，风险会比普通聊天更高，所以必须保留人工和专业边界。,大模型幻觉在医疗问答中可能导致错误诊断或用药建议，严重威胁患者健康。首先，幻觉可能产生虚假症状描述，误导医生判断；其次，不准确的药物信息可能引发不良反应；因此，必须谨慎验证模型输出，并建议结合专业医疗意见。,如果大模型在医疗问答里出现幻觉，可能会给出错误的诊断或者推荐不对的药，这对病人来说挺危险的。它可能会瞎编一些症状，让医生搞错方向，或者开错药，后果很严重。所以最好还是找医生确认一下，别全信模型说的。,大模型在医疗问答里要是胡说八道，那可就麻烦了，比如乱讲病情或者推荐不该吃的药，真的会害人。它可能把没影的症状说得跟真的一样，医生一听就信了，结果误诊。或者药给错了，吃了出大事。所以呀，机器的话不能全信，得找大夫问问才行。
q27,eval,data_privacy,为什么不能把未公开代码直接发给在线 AI 分析？,未公开代码可能包含学校项目、公司业务逻辑、密钥路径或安全漏洞。发到在线平台后，数据怎么存储不一定可控。比较稳的做法是删掉敏感信息，或者只贴最小可复现片段。,未公开代码直接发送给在线AI分析存在多重风险。首先，代码可能包含公司机密或个人隐私信息，例如API密钥或数据库密码。其次，在线平台可能将数据用于模型训练，导致知识产权泄露。因此，建议使用本地沙箱或脱敏处理后分析。,直接把没公开的代码发给在线AI分析挺危险的。你代码里可能有API密钥或者数据库密码这些隐私信息，万一平台拿去训练模型，你的知识产权就泄露了。最好还是本地处理或者把敏感信息去掉再发。,把没公开的代码直接丢给在线AI分析？你想想，代码里可能藏着API密钥、数据库密码之类的隐私，那些平台搞不好就拿去训练模型了，你的心血不就白费了。所以还是先脱敏或者自己本地跑一跑比较靠谱。
q28,eval,aigc_detection,AI 文本检测为什么容易出现误判？,因为写作风格不是绝对证据。有些人写东西本来就很工整，可能被误判成 AI；有些 AI 文本被改写后又像人写的。所以检测结果要结合场景和人工判断。,AI文本检测容易出现误判，首先因为检测模型依赖统计特征，可能将人类复杂表达误判为AI生成。其次，AI文本风格日益多样化，与人类写作界限模糊。因此，检测模型需持续更新，建议结合多种特征提高准确性。,AI文本检测老是误判，主要是检测模型太依赖那些统计特征了，有时候人类写得复杂点就被当成AI写的。再加上现在AI生成的内容风格越来越多样，跟人类写的差别越来越小，所以容易搞混。,检测器老搞错，因为它死抠那些数字特征，人写的东西稍微绕点弯子它就当是AI写的。而且现在AI写东西越来越像人，风格乱得很，它哪分得清啊，肯定误判多。
q29,eval,research_training,读论文时应该先看哪些部分？,我一般会先看标题、摘要、引言和结论，弄清楚问题和贡献，再看方法和实验。第一次读不一定要抠公式，先判断这篇文章解决了什么问题，和自己的方向有什么关系。,在读论文时，建议优先阅读摘要和引言部分，以快速了解研究背景、问题和主要贡献。其次，浏览结论和图表，掌握核心发现。最后，根据需求深入方法或实验部分。这样能高效把握论文重点。,读论文的话，我觉得先看摘要和引言挺重要的，能大概知道这篇在讲啥。然后翻翻结论和图表，心里有个数。后面再根据自己需要，仔细看看方法或者实验部分，这样比较省时间。,说实话，我读论文一般先扫一眼摘要，再看引言，基本就明白这文章想干啥了。然后直接跳到结论和图表，看看结果咋样。剩下的方法那些，需要再细看，不然一上来抠细节容易懵。
q30,eval,network_engineering,TCP 和 UDP 的区别应该怎么理解？,TCP 更像可靠通道，会建立连接、确认传输和重传，适合文件、网页这类不能乱的场景。UDP 更轻，不保证每个包都到，适合直播、游戏这种更看重实时性的场景。,TCP和UDP是两种传输层协议。首先，TCP面向连接，提供可靠传输，适合网页浏览等场景；而UDP无连接，速度快但不可靠，适合视频直播。其次，TCP有流量控制和拥塞控制，UDP则没有。因此，选择哪种协议取决于应用对可靠性和实时性的需求。建议根据实际场景选用。,要理解TCP和UDP的区别，可以这样想：TCP就像打电话，得先建立连接，保证对方能听到，但过程慢一些；UDP就像发微信消息，发出去就不管了，可能对方收不到，但速度快。所以像看视频、打游戏这种能容忍丢包的场景用UDP，而网页浏览、文件传输这些需要准确的就用TCP。,TCP和UDP的区别？说白了，TCP就是那种要先握手、确保信息不漏的协议，像寄挂号信；UDP呢，就像扔纸飞机，扔出去就不管了，可能丢也可能乱序。所以啊，你刷网页、下文件肯定用TCP，但打游戏看直播，丢几个包无所谓，UDP更合适，因为延迟低。就这么简单。
q31,eval,programming,为什么写代码时要处理异常情况？,真实输入不会总是按预期来。用户可能传空值，网络可能断，文件可能不存在。如果不处理异常，程序可能直接崩掉，而且排查起来很麻烦。,写代码时处理异常情况至关重要，因为程序运行中可能遇到各种意外，如用户输入错误、文件丢失或网络中断。首先，异常处理能防止程序崩溃，提升用户体验。其次，它有助于记录错误信息，便于调试和维护。因此，建议使用try-catch块捕获并妥善处理异常，确保系统健壮性。,写代码的时候一定要处理异常，因为程序跑起来会遇到很多意想不到的问题，比如用户乱输入、文件找不到或者网络突然断了。如果不处理，程序可能直接就崩了，用户体验很不好。而且处理异常还能帮你记下错误日志，方便以后找bug。所以最好用try-catch把可能出错的代码包起来，这样程序更稳定。,你写代码的时候不处理异常，那程序一跑就可能炸，比如用户输个字母到数字框里，或者读文件时文件没了，又或者网断了。不处理的话，程序直接崩溃，用户肯定骂娘。而且你调试的时候连个错误记录都没有，找bug得累死。所以还是老老实实加try-catch吧，把可能出问题的地方兜住，这样程序稳一点，你也省心。
q32,eval,ai_security,为什么大模型输出需要安全边界？,大模型可能被诱导回答危险问题，也可能在不确定时给出很肯定的建议。设置安全边界，是为了让它在医疗、隐私、违法操作等场景里不要越界输出。,大模型输出需要安全边界，首先是因为模型可能生成有害内容，如暴力、歧视或虚假信息，对社会造成负面影响。其次，安全边界能防止模型被恶意利用，比如生成钓鱼邮件或诈骗文本。因此，设定安全边界是负责任AI发展的必要措施，建议在模型训练和部署时加入安全过滤机制。,大模型输出得有个安全边界，不然它可能会生成一些不好的内容，比如暴力、歧视或者假消息，这些对社会影响挺坏的。再一个，安全边界也能防止别人拿它干坏事，比如写诈骗邮件什么的。所以，为了保证AI用起来安全，加个安全边界挺重要的。,大模型输出要是没个安全线，那可就麻烦了。你想啊，它可能随口就说出暴力啊、歧视啊、假新闻啥的，这不害人嘛。而且坏人还能利用它编诈骗信息。所以啊，得给它划个圈，让它别乱跑，这样用起来才放心。
q33,eval,health_consulting,网上健康建议应该怎样判断可靠性？,我会看来源是不是正规机构，内容有没有夸大效果，有没有让人自行用药或停止治疗。网上建议最多当参考，真正不舒服还是要找医生，尤其是症状持续或加重时。,判断网上健康建议的可靠性，首先应查看信息来源是否权威，比如官方卫生机构或专业医学网站。其次，注意内容是否有科学依据，是否引用研究或专家意见。最后，建议多方验证，避免单一信源误导。,看网上健康建议靠不靠谱，先得看是谁发的，是不是卫生局或者大医院那种权威机构。然后看看有没有科学依据，比如提到研究或者医生的话。最好多查几个地方，别只信一个。,网上那些健康建议啊，你先看看谁写的，像卫健委或者三甲医院这种靠谱。内容有没有提到研究或者医生说的？别信一个地方，多搜几个比比看，心里就有数了。
q34,eval,algorithm,为什么训练集效果好不代表模型真的好？,模型可能只是记住了训练集里的规律，换一批数据就不行。真正要看泛化能力，就要在没见过的测试集上评估，还要看不同场景下是否稳定。,训练集效果好不代表模型真的好，因为可能存在过拟合问题。模型在训练数据上表现优异，但未必能泛化到未见数据。首先，训练集可能包含噪声或偏差，导致模型学到的是特定模式而非通用规律。其次，测试集分布可能与训练集不同，例如实际应用中的新数据。因此，建议使用验证集和交叉验证来评估模型的泛化能力。,训练集效果好不能说明模型真的厉害，主要是怕过拟合。比如模型把训练数据里的噪声都记住了，但遇到新数据就蒙圈。另外，训练集和实际数据分布可能不一样，像考试题目换了就答不上来。所以最好用验证集或者交叉验证看看模型到底行不行。,训练集成绩好不代表模型真靠谱，可能只是死记硬背。比如训练数据里有脏数据，模型记住了这些规律，换批数据就抓瞎。而且现实里的数据跟训练集可能差别很大，就像刷题刷多了但题目一变就不会。所以得拿没用过的数据测测，或者用交叉验证，不然容易翻车。
q35,eval,large_model,为什么同一个问题问大模型两次可能得到不同答案？,大模型生成时通常带有一定随机性，不是每次都固定输出同一句话。温度参数、上下文和提示方式都会影响结果，所以同一个问题多问几次可能会有差别。,大模型本质上是基于概率的生成系统。每次回答时，模型会从可能的词语序列中随机采样，因此即使输入相同的问题，输出也可能因随机性而不同。此外，模型在训练中学习了多种表达方式，不同采样参数（如温度）会进一步影响结果。建议理解这一特性，必要时可多次提问以获取更全面的信息。,同一个问题问大模型好几次，答案不一样其实挺正常的。因为它每次生成回复的时候都有点随机性，就像人说话有时也会换个说法。而且模型学了很多种表达方式，稍微调一下参数就可能给出不同结果。所以别太奇怪，多问几次说不定能得到更全面的看法。,这事儿我琢磨过，大模型每次回答都像抽签似的，带点随机性。比如你问同一个问题，它这次可能说这个，下次又变成那个，因为它在各种可能性里挑一个。再加上什么温度参数调一调，结果更不一样了。所以啊，别指望它每次一模一样，多问几遍反而能摸清全貌。
q36,eval,aigc_detection,如果要改进 AI 文本检测，你会从哪些方向入手？,我会先扩大数据，加入不同模型和不同领域，再加入改写、润色这类攻击场景。模型上可以从传统特征 baseline 做到预训练模型，最后重点看跨模型和改写后的鲁棒性。,要改进AI文本检测，首先可以从数据层面入手，构建更丰富、更贴近真实场景的训练数据集，覆盖多种生成模型和改写策略。其次，可以探索更细粒度的特征提取方法，比如分析词汇分布、句法结构、语义连贯性等。此外，引入对抗训练和集成学习也能提升检测器的鲁棒性。因此，建议结合多模态特征和动态更新机制来增强检测效果。,改进AI文本检测的话，我觉得可以从数据方面想办法，比如收集更多不同AI生成和人工写的文本，特别是那些经过改写的，这样检测器能学到更多特征。另外，分析文本里的小细节也很重要，比如用词习惯、句子长短这些。还可以试试让检测器自己跟自己对抗训练，或者用多个模型一起判断，这样应该会更准一些。,要提升AI文本检测，我觉得得先搞到更真实的数据集，不光要原始AI写的，还得有各种改写版本，这样检测器才不会那么容易被骗。然后呢，除了看词频和句子结构，可能还得关注一些更隐蔽的规律，比如重复模式或者逻辑跳跃。另外，让检测器在训练时故意对抗一下，或者搞个投票机制，应该能有效对付那些花里胡哨的改写手段。
